Date,Schedule,Intersection,Area
01/12/2022,ΕΚΤΑΚΤΗ,"3ης Σεπτεμβρίου και Φλέμινγκ",ΠΕΡΑΜΑ
01/12/2022,ΕΚΤΑΚΤΗ,"Ναυάρχου Βότση και Ισμήνης",ΚΑΛΛΙΘΕΑ
01/12/2022,ΕΚΤΑΚΤΗ,"Ράλλη Δημ.  και Προποντίδος",ΠΕΙΡΑΙΑΣ
01/12/2022,ΕΚΤΑΚΤΗ,"Διαδόχου Παύλου και Βεργωτή",ΓΛΥΦΑΔΑ
01/12/2022,ΕΚΤΑΚΤΗ,"Εφέσου και Ελευθερίας",ΓΕΡΟΒΟΥΝΟ
01/12/2022,ΕΚΤΑΚΤΗ,"Κολοκοτρώνη και Μαυρομιχάλη",ΚΑΛΛΙΘΕΑ
01/12/2022,ΕΚΤΑΚΤΗ,"Αλ.Παναγούλη και Ηρακλέους",ΒΟΥΛΙΑΓΜΕΝΗ
01/12/2022,ΕΚΤΑΚΤΗ,"Ιασίου και Αγ.Βασιλείου",ΑΙΓΑΛΕΩ
01/12/2022,ΕΚΤΑΚΤΗ,"Αγ. Δημητρίου και Συρράκου","ΑΓ. ΔΗΜΗΤΡΙΟΣ Α"
01/12/2022,ΕΚΤΑΚΤΗ,"Υψηλάντου και Παλαιών Πατρών Γερμανού",ΑΜΦΙΑΛΗ
01/12/2022,ΕΚΤΑΚΤΗ,"3ΗΣ Σεπτεμβρίου και Σολωμού",ΠΕΡΑΜΑ
01/12/2022,ΕΚΤΑΚΤΗ,"Κομνηνών και Μαρίνου Γερουλάνου",ΑΡΓΥΡΟΥΠΟΛΗ
01/12/2022,ΠΡΟΓΡΑΜΜΑΤΙΣΜΕΝΗ,"Ορίων και Βαρδουσιών",ΓΑΛΑΤΣΙ
01/12/2022,ΕΚΤΑΚΤΗ,"Σόλωνος και Νεωρίων",ΑΜΠΕΛΑΚΙΑ
01/12/2022,ΕΚΤΑΚΤΗ,"Σουλίου και Παπανικολή","ΑΓ. ΔΗΜΗΤΡΙΟΣ Α"
01/12/2022,ΕΚΤΑΚΤΗ,"Ακτημόνων και Ήρας",ΑΚΤΗΜΟΝΩΝ
01/12/2022,ΕΚΤΑΚΤΗ,"Αγίας Βαρβάρας και 3ης Σεπτεμβρίου",ΚΕΡΑΤΣΙΝΙ
01/12/2022,ΕΚΤΑΚΤΗ,"Μουσών και Μάρκου Μπότσαρη",ΑΘΗΝΑ
01/12/2022,ΠΡΟΓΡΑΜΜΑΤΙΣΜΕΝΗ,"Αριστοτέλη Βαλαωρίτου και Πάρου",ΚΟΡΥΔΑΛΛΟΣ
01/12/2022,ΕΚΤΑΚΤΗ,"Λευκωσίας και Δεληγιάννη",ΜΕΤΑΜΟΡΦΩΣΗ
01/12/2022,ΕΚΤΑΚΤΗ,"Προμηθέως και Γόρτυνος",ΑΘΗΝΑ
01/12/2022,ΕΚΤΑΚΤΗ,"Κολοκοτρώνη και Ευζώνων",ΑΧΑΡΝΕΣ
01/12/2022,ΕΚΤΑΚΤΗ,"Μοναστηρίου και Μύλων",ΑΘΗΝΑ
01/12/2022,ΕΚΤΑΚΤΗ,"Σινώπης και Σαφραμπόλεως","Ν. ΙΩΝΙΑ"
01/12/2022,ΕΚΤΑΚΤΗ,"Ναυάρχου Βότση και Αγησιλάου (Επηρεάζεται πολύ μεγάλο τμήμα του Δήμου)",ΚΑΛΛΙΘΕΑ
01/12/2022,ΕΚΤΑΚΤΗ,"Σαλαμίνος & Κύπρου (Επηρεάζεται τμήμα της Ν. Φιλαδέλφειας)","Ν. ΧΑΛΚΗΔΟΝΑ"
01/12/2022,ΕΚΤΑΚΤΗ,"Ελευθερίου Βενιζέλου και Αιτωλίας","ΑΓ. ΠΑΡΑΣΚΕΥΗ"
01/12/2022,ΕΚΤΑΚΤΗ,"Ναυαρίνου και Ξάνθης",ΣΑΛΑΜΙΝΑ
01/12/2022,ΕΚΤΑΚΤΗ,"Νυμφών και Αγάπης",ΗΡΑΚΛΕΙΟ
01/12/2022,ΕΚΤΑΚΤΗ,"Ισμήνης και Θαλή",ΚΑΛΛΙΘΕΑ
02/12/2022,ΕΚΤΑΚΤΗ,"Σαρωνικού και Αθηναίων",ΓΑΛΑΤΣΙ
02/12/2022,ΕΚΤΑΚΤΗ,"Αγίας Λάυρας και Λυκούργου",ΚΑΛΛΙΘΕΑ
02/12/2022,ΕΚΤΑΚΤΗ,"Αγίου Αντωνίου & Χλόης",ΑΧΑΡΝΕΣ
02/12/2022,ΕΚΤΑΚΤΗ,"Λεωφ.Ποσειδώνος και Θησέως",ΚΑΛΛΙΘΕΑ
02/12/2022,ΕΚΤΑΚΤΗ,"Λουίζης Ριανκούρ και Λακωνίας",ΑΘΗΝΑ
02/12/2022,ΕΚΤΑΚΤΗ,"Αγ.Αικατερίνης και Ρούμελης","ΑΓ. ΔΗΜΗΤΡΙΟΣ Α"
02/12/2022,ΕΚΤΑΚΤΗ,"Αγησιλάου και Προμηθέως",ΗΛΙΟΥΠΟΛΗ
02/12/2022,ΕΚΤΑΚΤΗ,"Μεταμορφώσεως και Ταγματάρχου Πλέσσα",ΚΑΛΛΙΘΕΑ
02/12/2022,ΕΚΤΑΚΤΗ,"Πωπ Γεωρ. και Γρηγ.Ξενόπουλου","Ν. ΨΥΧΙΚΟ"
02/12/2022,ΕΚΤΑΚΤΗ,"Λεωφ. Αγ.Δημητρίου και Συρράκου","ΑΓ. ΔΗΜΗΤΡΙΟΣ Α"
02/12/2022,ΕΚΤΑΚΤΗ,"Ερμού και Ελπίδος","ΑΓ. ΔΗΜΗΤΡΙΟΣ Α"
02/12/2022,ΕΚΤΑΚΤΗ,"Μεγάλου Αλεξάνδρου και Νερατζιωτίσσης",ΜΑΡΟΥΣΙ
02/12/2022,ΕΚΤΑΚΤΗ,"Αχιλλέως και Κρέμου",ΚΑΛΛΙΘΕΑ
02/12/2022,ΕΚΤΑΚΤΗ,"Βαλαωρίτου και Διαμάντως Κουμπάκη",ΚΟΡΥΔΑΛΛΟΣ
02/12/2022,ΕΚΤΑΚΤΗ,"Προόδου και Άρεως",ΒΟΥΛΑ
02/12/2022,ΠΡΟΓΡΑΜΜΑΤΙΣΜΕΝΗ,"Πάρου και Βαλαωρίτου",ΚΟΡΥΔΑΛΛΟΣ
02/12/2022,ΕΚΤΑΚΤΗ,"Ηρώων Πολυτεχνείου και Σολωμού",ΜΕΛΙΣΣΙΑ
02/12/2022,ΕΚΤΑΚΤΗ,"Οδυσσέως και Παπαδημητρίου",ΑΧΑΡΝΕΣ
02/12/2022,ΕΚΤΑΚΤΗ,"Ύδρας και Παπαδιαμάντη",ΧΑΛΑΝΔΡΙ
02/12/2022,ΕΚΤΑΚΤΗ,"Ηρακλέους και Ατθιδών",ΚΑΛΛΙΘΕΑ
02/12/2022,ΕΚΤΑΚΤΗ,"Μπότσαρη και Σαχτούρη",ΠΑΛΛΗΝΗ
02/12/2022,ΕΚΤΑΚΤΗ,"Σαλαμίνος και Κιλκίς",ΧΑΛΑΝΔΡΙ
02/12/2022,ΕΚΤΑΚΤΗ,"Γρυπάρη και Καλυψούς",ΚΑΛΛΙΘΕΑ
03/12/2022,ΕΚΤΑΚΤΗ,"Λεωφόρος Κηφισίας και Πεντέλης",ΜΑΡΟΥΣΙ
03/12/2022,ΕΚΤΑΚΤΗ,"Αρτέμιδος και Μπουμπουλίνας",ΓΑΛΑΤΣΙ
03/12/2022,ΕΚΤΑΚΤΗ,"Ελευθ.Βενιζέλου και Ιπποκράτους (Επηρεάζεται μεγαλύτερο τμήμα)","ΑΓ. ΠΕΤΡΟΣ"
03/12/2022,ΕΚΤΑΚΤΗ,"Φλωράκη Χαρ. και Δαναϊδων",ΧΑΛΑΝΔΡΙ
03/12/2022,ΕΚΤΑΚΤΗ,"Πωπ και Γεώρ.Βλάχου",ΑΘΗΝΑ
03/12/2022,ΕΚΤΑΚΤΗ,"Γαυγαμήλων και Περσεπόλεως",ΖΩΓΡΑΦΟΣ
03/12/2022,ΕΚΤΑΚΤΗ,"Χατζή & Μαντζουράκη",ΑΘΗΝΑ
03/12/2022,ΕΚΤΑΚΤΗ,"Μπότσαρη & Σαχτούρη",ΠΑΛΛΗΝΗ
03/12/2022,ΕΚΤΑΚΤΗ,"Μήτρου Σαρκουδίνου & Χελντράιχ",ΑΘΗΝΑ
03/12/2022,ΕΚΤΑΚΤΗ,"Νικοπόλεως & Αχαρνών",ΑΘΗΝΑ
03/12/2022,ΕΚΤΑΚΤΗ,"Ελευθερίου Βενιζέλου & Ηφαίστου","ΑΓ. ΠΑΡΑΣΚΕΥΗ"
03/12/2022,ΕΚΤΑΚΤΗ,"Σάμου και Ακροπόλεως, περιοχή Ξένο",ΣΑΛΑΜΙΝΑ
03/12/2022,ΕΚΤΑΚΤΗ,"Καραϊσκάκη και Ερμού",ΑΘΗΝΑ
04/12/2022,ΕΚΤΑΚΤΗ,"Πωπ και Παρρέν",ΑΘΗΝΑ
04/12/2022,ΕΚΤΑΚΤΗ,"Νικηταρά και Ευρυτανίας",ΓΕΡΟΒΟΥΝΟ
04/12/2022,ΕΚΤΑΚΤΗ,"Σμολένσκυ και Ειρήνης","Ν. ΦΑΛΗΡΟ"
04/12/2022,ΕΚΤΑΚΤΗ,"Εθνάρχου Μακαρίου και Κυκλάδων",ΑΡΓΥΡΟΥΠΟΛΗ
04/12/2022,ΕΚΤΑΚΤΗ,"Ύδρας και Παλλάδος Αθηνάς",ΠΑΛΛΗΝΗ
04/12/2022,ΕΚΤΑΚΤΗ,"Κωστή Παλαμά και Ελικώνος",ΨΥΧΙΚΟ
04/12/2022,ΕΚΤΑΚΤΗ,"Νιόβης και Κωνσταντινουπόλεως",ΠΕΡΙΣΤΕΡΙ
04/12/2022,ΕΚΤΑΚΤΗ,"Σπευσίππου και Μεγαρίδος",ΑΣΠΡΟΠΥΡΓΟΣ
04/12/2022,ΕΚΤΑΚΤΗ,"Μήτρου Σαρκουδίνου και Χέλντράϊχ",ΑΘΗΝΑ
04/12/2022,ΕΚΤΑΚΤΗ,"Θεσσαλίας και Κουμουνδούρου",ΑΛΙΜΟΣ
04/12/2022,ΕΚΤΑΚΤΗ,"Μιαούλη Αθ. 2",ΠΕΙΡΑΙΑΣ
04/12/2022,ΕΚΤΑΚΤΗ,"Καραολή & Δημητρίου και Κανελλοπούλου",ΚΑΜΙΝΙΑ
04/12/2022,ΕΚΤΑΚΤΗ,"Κυπρίων Αγωνιστών και Μπασδέκη",ΜΑΡΟΥΣΙ
04/12/2022,ΕΚΤΑΚΤΗ,"Αφροδίτης και Πρωτέως","Π. ΦΑΛΗΡΟ"
04/12/2022,ΕΚΤΑΚΤΗ,"Μανδηλαρά και Αγίου Γεωργίου, περιοχή Στενό Φανερωμένης",ΣΑΛΑΜΙΝΑ
04/12/2022,ΕΚΤΑΚΤΗ,"Πηνελόπης Δέλτα και Σκίπη",ΑΘΗΝΑ
05/12/2022,ΕΚΤΑΚΤΗ,"Νίκης και Σπύρου Λούη",ΑΣΠΡΟΠΥΡΓΟΣ
05/12/2022,ΕΚΤΑΚΤΗ,"Κυκλάδων και Εθνάρχου Μακαίου",ΑΡΓΥΡΟΥΠΟΛΗ
05/12/2022,ΕΚΤΑΚΤΗ,"Λουίζης Ριανκούρ και Καρύστου",ΑΘΗΝΑ
05/12/2022,ΕΚΤΑΚΤΗ,"Hλείας και Θήρας",ΚΟΡΥΔΑΛΛΟΣ
05/12/2022,ΠΡΟΓΡΑΜΜΑΤΙΣΜΕΝΗ,"Νικολάου Πλαστήρα και Σκουφά",ΚΟΡΥΔΑΛΛΟΣ
05/12/2022,ΠΡΟΓΡΑΜΜΑΤΙΣΜΕΝΗ,"Βαλαωρίτου και Κουμπάκη",ΚΟΡΥΔΑΛΛΟΣ
05/12/2022,ΠΡΟΓΡΑΜΜΑΤΙΣΜΕΝΗ,"Χαϊμαντά και Δραγούμη",ΜΑΡΟΥΣΙ
05/12/2022,ΕΚΤΑΚΤΗ,"Φήμης και Κολοκοτρώνη",ΑΧΑΡΝΕΣ
05/12/2022,ΕΚΤΑΚΤΗ,"Αμύντα και Πτολεμαίων",ΑΘΗΝΑ
05/12/2022,ΕΚΤΑΚΤΗ,"Παναγή Τσαλδάρη και Δημητρακοπούλου",ΚΑΛΛΙΘΕΑ
05/12/2022,ΕΚΤΑΚΤΗ,"Ανδρέα Κάλβου 40",ΨΥΧΙΚΟ
05/12/2022,ΕΚΤΑΚΤΗ,"Ελευθερίας και Κλεισούρας",ΠΕΡΙΣΤΕΡΙ
05/12/2022,ΕΚΤΑΚΤΗ,"Ιπποκράτους και Θήρας",ΣΑΛΑΜΙΝΑ
05/12/2022,ΕΚΤΑΚΤΗ,"Φιλελλήνων και Πραξιτέλους",ΠΕΙΡΑΙΑΣ
05/12/2022,ΕΚΤΑΚΤΗ,"Υψηλάντου και Ανατολικής Ρωμυλίας",ΠΕΤΡΟΥΠΟΛΗ
05/12/2022,ΕΚΤΑΚΤΗ,"Δημητσάνας και Σπερχειάδος",ΒΟΥΛΑ
05/12/2022,ΕΚΤΑΚΤΗ,"Μυκάλης και Κολωνίας","Ν. ΣΜΥΡΝΗ Π"
06/12/2022,ΕΚΤΑΚΤΗ,"Ιωάννου Βεργή και Εθνικής Αντιστάσεως",ΖΩΓΡΑΦΟΣ
06/12/2022,ΕΚΤΑΚΤΗ,"Κωστή Παλαμά και Αγίου Δημητρίου",ΨΥΧΙΚΟ
06/12/2022,ΕΚΤΑΚΤΗ,"Ηλείας και Πελοποννήσου",ΚΟΡΥΔΑΛΛΟΣ
06/12/2022,ΕΚΤΑΚΤΗ,"Μαρκόνι & Κέας","ΑΓ. ΔΗΜΗΤΡΙΟΣ Α"
06/12/2022,ΠΡΟΓΡΑΜΜΑΤΙΣΜΕΝΗ,"Ιπποκράτους & Λυσίου",ΗΛΙΟΥΠΟΛΗ
06/12/2022,ΕΚΤΑΚΤΗ,"Ηπείρου & Διαγόρα","Π. ΦΑΛΗΡΟ"
06/12/2022,ΠΡΟΓΡΑΜΜΑΤΙΣΜΕΝΗ,"Παναγή Τσαλδάρη & Σκουφά",ΚΟΡΥΔΑΛΛΟΣ
06/12/2022,ΕΚΤΑΚΤΗ,"Εμμανουηλίδη & Κοραή","Ν. ΣΜΥΡΝΗ Α"
06/12/2022,ΕΚΤΑΚΤΗ,"Μιχ. Μωραΐτη & Βρανά",ΑΘΗΝΑ
06/12/2022,ΕΚΤΑΚΤΗ,"Βαρέλα & Παυσανίου",ΑΥΛΙΖΑ
06/12/2022,ΕΚΤΑΚΤΗ,"Αρτέμιδος & Μελετίου Μαρούγκα",ΜΑΓΟΥΛΑ
06/12/2022,ΕΚΤΑΚΤΗ,"Λεωφόρο Ειρήνης και Αγίας Τριάδος (περιοχή Ντούνη)",ΣΑΛΑΜΙΝΑ
07/12/2022,ΕΚΤΑΚΤΗ,"Εθνικής Αντιστάσεως & Παραπαμίσου",ΖΩΓΡΑΦΟΣ
07/12/2022,ΕΚΤΑΚΤΗ,"Πίνδου & Δαρειώτου",ΚΗΦΙΣΙΑ
07/12/2022,ΕΚΤΑΚΤΗ,"Παρνασσίδος & Κέας","ΑΓ. ΔΗΜΗΤΡΙΟΣ Α"
07/12/2022,ΕΚΤΑΚΤΗ,"Περγάμου & Αργυρουπόλεως",ΥΜΗΤΤΟΣ
07/12/2022,ΠΡΟΓΡΑΜΜΑΤΙΣΜΕΝΗ,"Αρακύνθου & Μινιάκ",ΑΘΗΝΑ
07/12/2022,ΠΡΟΓΡΑΜΜΑΤΙΣΜΕΝΗ,"Καρατζά & Μουσών",ΑΘΗΝΑ
07/12/2022,ΕΚΤΑΚΤΗ,"Κολοκοτρώνη & Φιλελλήνων",ΠΕΙΡΑΙΑΣ
07/12/2022,ΠΡΟΓΡΑΜΜΑΤΙΣΜΕΝΗ,"Βαλαωρίτου & Έκτορος",ΚΟΡΥΔΑΛΛΟΣ
07/12/2022,ΕΚΤΑΚΤΗ,"Σοφ. Πέππα & Πτολεμαΐδος",ΑΧΑΡΝΕΣ
07/12/2022,ΕΚΤΑΚΤΗ,"Αγάπης και Ναρκίσσων",ΗΡΑΚΛΕΙΟ
07/12/2022,ΕΚΤΑΚΤΗ,"Πιερίας και Κέννεντυ","ΛΟΦΟΣ ΑΞΙΩΜΑΤΙΚΩΝ"
07/12/2022,ΕΚΤΑΚΤΗ,"Εφηβείας και Βίαντος",ΑΧΑΡΝΕΣ
07/12/2022,ΕΚΤΑΚΤΗ,"Ηρώων Πολυτεχνείου και Φαναρίου",ΜΕΛΙΣΣΙΑ
08/12/2022,ΕΚΤΑΚΤΗ,"Φιλικής Εταιρείας και Αθήνας",ΚΟΡΥΔΑΛΛΟΣ
08/12/2022,ΕΚΤΑΚΤΗ,"Πάρου και Ρεθύμνης",ΚΟΡΥΔΑΛΛΟΣ
08/12/2022,ΕΚΤΑΚΤΗ,"Χαϊμαντά και Βενιζέλου",ΜΑΡΟΥΣΙ
08/12/2022,ΕΚΤΑΚΤΗ,"Οδυσσέως και Ασκληπιού",ΒΟΥΛΑ
08/12/2022,ΕΚΤΑΚΤΗ,"Πλατεία Αγ.Τριάδος και Περικλέους",ΗΡΑΚΛΕΙΟ
08/12/2022,ΕΚΤΑΚΤΗ,"Αθανασίου Διάκου και Μοσχοπόλεως",ΜΕΛΙΣΣΙΑ
08/12/2022,ΕΚΤΑΚΤΗ,"Ρόδων και Μουστάκα",ΚΗΦΙΣΙΑ
08/12/2022,ΕΚΤΑΚΤΗ,"Τυράς και Ίστρου",ΑΘΗΝΑ
08/12/2022,ΕΚΤΑΚΤΗ,"Ηρώων Πολυτεχνείου και Πυθίας",ΜΕΛΙΣΣΙΑ
08/12/2022,ΕΚΤΑΚΤΗ,"Ηλία Ηλιού και Δεινοστράτου",ΑΘΗΝΑ
08/12/2022,ΕΚΤΑΚΤΗ,"Παρασκευοπούλου και Τερτίπη",ΑΘΗΝΑ
08/12/2022,ΕΚΤΑΚΤΗ,"Πλαπούτα και Ιωαννίνων",ΗΡΑΚΛΕΙΟ
09/12/2022,ΕΚΤΑΚΤΗ,"Δροσίνη και  Γοργοποτάμου",ΛΥΚΟΒΡΥΣΗ
09/12/2022,ΕΚΤΑΚΤΗ,"Καλλισθένους και  Βασσάνη",ΑΘΗΝΑ
09/12/2022,ΕΚΤΑΚΤΗ,"Αγ.Δημητρίου 218 και Ειρήνης","ΑΓ. ΔΗΜΗΤΡΙΟΣ Α"
09/12/2022,ΕΚΤΑΚΤΗ,"Λαρίσης και Παπαφλέσσα",ΑΙΓΑΛΕΩ
09/12/2022,ΕΚΤΑΚΤΗ,"Ηρακλειου και Αγ.Φανουρίου",ΜΕΤΑΜΟΡΦΩΣΗ
09/12/2022,ΕΚΤΑΚΤΗ,"Λεωφόρος Ιωνίας και Νερόμυλου",ΑΧΑΡΝΕΣ
09/12/2022,ΕΚΤΑΚΤΗ,"Λεωφόρο Κανακίων περιοχη Κανάκια",ΣΑΛΑΜΙΝΑ
09/12/2022,ΕΚΤΑΚΤΗ,"Λεωφόρος Ιωνίας και Χαλκίδος",ΑΘΗΝΑ
09/12/2022,ΕΚΤΑΚΤΗ,"Σμόλικα και Θεσπιέων",ΒΟΥΛΑ
09/12/2022,ΕΚΤΑΚΤΗ,"Πρωτέως και Τροίας","Π. ΦΑΛΗΡΟ"
10/12/2022,ΕΚΤΑΚΤΗ,"25ης Μαρτίου και Τσακάλωφ",ΤΑΥΡΟΣ
10/12/2022,ΕΚΤΑΚΤΗ,"Χρυσοστόμου Σμύρνης & Δραγατσανίου",ΧΑΛΑΝΔΡΙ
10/12/2022,ΕΚΤΑΚΤΗ,"Σωκράτους και Πλάτωνος",ΜΑΓΟΥΛΑ
10/12/2022,ΕΚΤΑΚΤΗ,"Λευκωσίας και Αιγύπτου",ΓΛΥΦΑΔΑ
10/12/2022,ΕΚΤΑΚΤΗ,"Παπαφλέσσα και Αθανασίου Διάκου",ΚΟΡΥΔΑΛΛΟΣ
10/12/2022,ΕΚΤΑΚΤΗ,"Πιτσιλού και Πανδώρας",ΑΧΑΡΝΕΣ
10/12/2022,ΕΚΤΑΚΤΗ,"Αμμοχώστου και Κνωσού","ΝΕΑ ΙΩΝΙΑ"
10/12/2022,ΕΚΤΑΚΤΗ,"Ναζλίου και Θεόδ.Κολοκοτρώνη",ΒΥΡΩΝΑΣ
10/12/2022,ΕΚΤΑΚΤΗ,"Πόντου και Νικ.Πλαστήρα",ΠΕΥΚΗ
10/12/2022,ΕΚΤΑΚΤΗ,"Αγίου Γεωργίου και Αριστοφάνους",ΧΑΛΑΝΔΡΙ
11/12/2022,ΕΚΤΑΚΤΗ,"Πιερίας και  Πρεβέζης","ΛΟΦΟΣ ΑΞΙΩΜΑΤΙΚΩΝ"
11/12/2022,ΕΚΤΑΚΤΗ,"Σίνα  και  Γενναδίου","ΑΓ. ΔΗΜΗΤΡΙΟΣ Π"
11/12/2022,ΕΚΤΑΚΤΗ,"Δημάρχου Τουντουλίδη και Κιλικίας",ΝΙΚΑΙΑ
11/12/2022,ΕΚΤΑΚΤΗ,"Περιάνδρου και Αδελφών Πιερράκου",ΖΩΓΡΑΦΟΣ
11/12/2022,ΕΚΤΑΚΤΗ,"Ρούμελης και Αγ.Αθανασίου","ΑΓ. ΔΗΜΗΤΡΙΟΣ Α"
11/12/2022,ΕΚΤΑΚΤΗ,"Ξυπετής και Ερμουπόλεως",ΚΑΜΙΝΙΑ
11/12/2022,ΕΚΤΑΚΤΗ,"Νεωρίων και Σόλωνος",ΑΜΠΕΛΑΚΙΑ
12/12/2022,ΕΚΤΑΚΤΗ,"Λεωφόρο Στρατάρχου Παπάγου και Αλέκου Παναγούλη",ΖΩΓΡΑΦΟΣ
12/12/2022,ΕΚΤΑΚΤΗ,"Μάντζαρου και Τυρνάβου","ΑΓ. ΔΗΜΗΤΡΙΟΣ Α"
12/12/2022,ΕΚΤΑΚΤΗ,"Φανομάχου και Μαικήνα",ΖΩΓΡΑΦΟΣ
12/12/2022,ΠΡΟΓΡΑΜΜΑΤΙΣΜΕΝΗ,"Σουρή και Φιλικής Εταιρίας",ΚΟΡΥΔΑΛΛΟΣ
12/12/2022,ΕΚΤΑΚΤΗ,"Διονύσου και Αρτέμιδος",ΗΛΙΟΥΠΟΛΗ
12/12/2022,ΕΚΤΑΚΤΗ,"Σωτήρος και Ευαγγελιστρίας",ΜΕΓΑΡΑ
12/12/2022,ΕΚΤΑΚΤΗ,"Φιλοσόφων και Πάρνηθος",ΚΗΦΙΣΙΑ
12/12/2022,ΕΚΤΑΚΤΗ,"Βασιλέως Γεωργίου και Πλαστήρα(Συνοικισμός Φοίνικα)",ΣΑΛΑΜΙΝΑ
12/12/2022,ΕΚΤΑΚΤΗ,"Φλέμινγκ και Αγαμέμνονος ΕΠΗΡΕΑΖΕΤΑΙ ΚΑΙ ΤΜΗΜΑ ΔΗΜΟΥ ΚΕΡΑΤΣΙΝΙΟΥ",ΝΕΑΠΟΛΗ
12/12/2022,ΕΚΤΑΚΤΗ,"Αγ.Διονυσίου 50",ΑΧΑΡΝΕΣ
12/12/2022,ΕΚΤΑΚΤΗ,"Φλέμινγκ και Αγαμέμνονος ΕΠΗΡΕΑΖΕΤΑΙ ΚΑΙ ΔΗΜΟΣ ΝΙΚΑΙΑΣ ΝΕΑΠΟΛΗ","ΑΓ. ΑΝΤΩΝΙΟΣ"
12/12/2022,ΕΚΤΑΚΤΗ,"Εθν.Αντιστάσεως και Βάρναλη και Αχαρνών","Ν. ΧΑΛΚΗΔΟΝΑ"
13/12/2022,ΕΚΤΑΚΤΗ,"Γκιώνας και Λεωφ. Πστριάρχου Γρηγορίου",ΗΛΙΟΥΠΟΛΗ
13/12/2022,ΕΚΤΑΚΤΗ,"28ης Οκτωβρίου και Διανύσου",ΜΑΡΟΥΣΙ
13/12/2022,ΕΚΤΑΚΤΗ,"Θησέως και Τρίτωνος","Π. ΦΑΛΗΡΟ"
13/12/2022,ΠΡΟΓΡΑΜΜΑΤΙΣΜΕΝΗ,"Σουρή και Φιλικής Εταιρείας",ΚΟΡΥΔΑΛΛΟΣ
13/12/2022,ΕΚΤΑΚΤΗ,"Χατζηανέστη και Αγ. Λαύρας","ΑΓ. Ι. ΡΕΝΤΗΣ"
13/12/2022,ΕΚΤΑΚΤΗ,"Υγείας και Πατριάρχου Ιωακείμ",ΒΟΥΛΑ
13/12/2022,ΕΚΤΑΚΤΗ,"Βασιλικών και Κιθαιρώνος",ΚΑΜΙΝΙΑ
13/12/2022,ΕΚΤΑΚΤΗ,"Αργυροκάστρου και 25ης Μαρτίου ( ΟΡΙΑ ΜΕ ΑΝΩ ΠΕΥΚΗ)",ΚΗΦΙΣΙΑ
13/12/2022,ΕΚΤΑΚΤΗ,"Κλαζομενών και Θράκης",ΤΑΥΡΟΣ
14/12/2022,ΕΚΤΑΚΤΗ,"Φιλοξένου και Ηλία Ηλιού",ΑΘΗΝΑ
14/12/2022,ΕΚΤΑΚΤΗ,"Λασκαράτου και Παλαμά Κωστή",ΑΘΗΝΑ
14/12/2022,ΕΚΤΑΚΤΗ,"Φιλελλήνων και Φίλωνος",ΠΕΙΡΑΙΑΣ
14/12/2022,ΕΚΤΑΚΤΗ,"Ιλισού και Παλληκαρίδη",ΜΟΣΧΑΤΟ
14/12/2022,ΕΚΤΑΚΤΗ,"Θηβών και Αγίου Βασιλείου","ΑΓ. ΔΗΜΗΤΡΙΟΣ Α"
14/12/2022,ΕΚΤΑΚΤΗ,"Χατζηανέστη και Αγίας Λαύρας","ΑΓ. Ι. ΡΕΝΤΗΣ"
14/12/2022,ΕΚΤΑΚΤΗ,"Ναυπλίου και Τζαβέλλα","ΚΑΤΩ ΧΑΛΑΝΔΡΙ"
14/12/2022,ΠΡΟΓΡΑΜΜΑΤΙΣΜΕΝΗ,"Βασιλέως Κωνσταντίνου και Ελευθερίου Βενιζέλου",ΜΑΡΟΥΣΙ
14/12/2022,ΕΚΤΑΚΤΗ,"Ερατούς και Ευριπίδου","Π. ΦΑΛΗΡΟ"
14/12/2022,ΕΚΤΑΚΤΗ,"Σπύρου Μήλιου και Κορυτσάς","ΑΓ. ΔΗΜΗΤΡΙΟΣ Α"
14/12/2022,ΕΚΤΑΚΤΗ,"Ηροδότου και Κολχίδος",ΒΟΥΛΑ
14/12/2022,ΕΚΤΑΚΤΗ,"Μοισιόδακος και Ευσταθίου",ΑΘΗΝΑ
14/12/2022,ΕΚΤΑΚΤΗ,"Παλληκαρίδη & Καποδιστρίου",ΜΟΣΧΑΤΟ
14/12/2022,ΕΚΤΑΚΤΗ,"Τερψιχόρης & Βροντούς",ΑΙΑΝΤΕΙΟ
14/12/2022,ΕΚΤΑΚΤΗ,"Αγίου Ιωάννου & Αδριανουπόλεως",ΜΕΛΙΣΣΙΑ
15/12/2022,ΕΚΤΑΚΤΗ,"Αρακύνθου και Μινιάκ",ΑΘΗΝΑ
15/12/2022,ΕΚΤΑΚΤΗ,"Μελίνας Μερκούρη και Προποντίδος",ΥΜΗΤΤΟΣ
15/12/2022,ΕΚΤΑΚΤΗ,"Γενναδίου και Σολάκα",ΝΕΑΠΟΛΗ
15/12/2022,ΕΚΤΑΚΤΗ,"Γρανικού και Κάσου",ΑΛΙΜΟΣ
15/12/2022,ΕΚΤΑΚΤΗ,"Φιλαδέλφειας και Κωστή Παλαμά","ΝΕΑ ΦΙΛΑΔΕΛΦΕΙΑ"
15/12/2022,ΕΚΤΑΚΤΗ,"Αγίου Αθανασίου και Λιοσίων",ΑΧΑΡΝΕΣ
15/12/2022,ΕΚΤΑΚΤΗ,"Λεάνδρου και Ιάμβης",ΑΘΗΝΑ
16/12/2022,ΕΚΤΑΚΤΗ,"Θηβών και Παμίσου","ΑΓ. ΔΗΜΗΤΡΙΟΣ Α"
16/12/2022,ΕΚΤΑΚΤΗ,"Εθνικής Αντιστάσεως και Ιθώμης",ΑΙΓΑΛΕΩ
16/12/2022,ΠΡΟΓΡΑΜΜΑΤΙΣΜΕΝΗ,"Θράκης και Σοφ. Βενιζέλου",ΠΕΡΑΜΑ
16/12/2022,ΕΚΤΑΚΤΗ,"Καρτερίας και Μαινάλου","ΑΓ. ΠΑΡΑΣΚΕΥΗ"
16/12/2022,ΕΚΤΑΚΤΗ,"Μαρίας Κάλλας και Ασκληπιού",ΑΣΠΡΟΠΥΡΓΟΣ
17/12/2022,ΕΚΤΑΚΤΗ,"Ελευθερίου Βενιζέλου & Χειμάρρας","ΑΓ. ΠΑΡΑΣΚΕΥΗ"
17/12/2022,ΕΚΤΑΚΤΗ,"Δηληγιάννη και Λεωφ.Κηφισίας",ΚΗΦΙΣΙΑ
17/12/2022,ΕΚΤΑΚΤΗ,"Βύρωνος και Μυστρά","ΚΑΤΩ ΧΑΛΑΝΔΡΙ"
17/12/2022,ΕΚΤΑΚΤΗ,"Αγ. Στεφάνου και Κοντοσκαλίου",ΑΘΗΝΑ
17/12/2022,ΕΚΤΑΚΤΗ,"Μπουμπουλίνας και Παγώνα",ΑΧΑΡΝΕΣ
17/12/2022,ΕΚΤΑΚΤΗ,"Υψηλάντου και Κοραή",ΗΡΑΚΛΕΙΟ
17/12/2022,ΕΚΤΑΚΤΗ,"Καλλισθένους και Ιώνων",ΑΘΗΝΑ
17/12/2022,ΕΚΤΑΚΤΗ,"Μενελάου και Υψηλάντου",ΗΡΑΚΛΕΙΟ
17/12/2022,ΕΚΤΑΚΤΗ,"Ελευθερωτρίας και Σαπέλη",ΣΑΛΑΜΙΝΑ
17/12/2022,ΕΚΤΑΚΤΗ,"Ερατούς και Μαδύτου",ΑΧΑΡΝΕΣ
18/12/2022,ΕΚΤΑΚΤΗ,"ΜΑΚΕΔΟΝΟΜΑΧΩΝ & ΡΟΔΟΙΠΗΣ",ΘΡΑΚΟΜΑΚΕΔΟΝΕΣ
18/12/2022,ΕΚΤΑΚΤΗ,"βλαβη σε κεντρικο τροφοδοτικο αγωγο",ΜΑΓΟΥΛΑ
18/12/2022,ΕΚΤΑΚΤΗ,"Λεωφόρος Ειρήνης και Μπουμπουλίνας",ΗΛΙΟΥΠΟΛΗ
18/12/2022,ΕΚΤΑΚΤΗ,"Δάφνης και Λεωφόρος Περιστερίων",ΣΑΛΑΜΙΝΑ
18/12/2022,ΕΚΤΑΚΤΗ,"Γεωργίου Γεννηματά και Δ.Ρήγου",ΜΑΓΟΥΛΑ
18/12/2022,ΕΚΤΑΚΤΗ,"Δημητρακοπούλου και Μεϊντάνη",ΑΘΗΝΑ
18/12/2022,ΕΚΤΑΚΤΗ,"Μάρκου Μπότσαρη και Θεοχάρη",ΠΕΙΡΑΙΑΣ
18/12/2022,ΕΚΤΑΚΤΗ,"Άτλαντος και Πάρνηθος","ΑΓ. ΠΑΡΑΣΚΕΥΗ"
18/12/2022,ΕΚΤΑΚΤΗ,"Αγησιλάου και Δημητρίου Γούναρη",ΓΛΥΦΑΔΑ
19/12/2022,ΕΚΤΑΚΤΗ,"Σπύρου Πάτση και Κατερίνης",ΑΘΗΝΑ
19/12/2022,ΕΚΤΑΚΤΗ,"Ανδριανού και Ηρώων Πολυτεχνείου",ΑΣΠΡΟΠΥΡΓΟΣ
19/12/2022,ΕΚΤΑΚΤΗ,"ΦΙΛΩΝΟΣ  & ΦΙΛΕΛΛΗΝΩΝ",ΠΕΙΡΑΙΑΣ
19/12/2022,ΕΚΤΑΚΤΗ,"Δαμασκίου και Αντιγόνης",ΑΘΗΝΑ
19/12/2022,ΕΚΤΑΚΤΗ,"Γεννηματά 56",ΜΑΓΟΥΛΑ
19/12/2022,ΕΚΤΑΚΤΗ,"Ζυμπρακάκη 57",ΑΘΗΝΑ
19/12/2022,ΕΚΤΑΚΤΗ,"Μπέλες και Παρνασσού",ΗΛΙΟΥΠΟΛΗ
19/12/2022,ΕΚΤΑΚΤΗ,"Σκοπέλου 21 και Τρεμπεσίνας","ΑΓ. ΔΗΜΗΤΡΙΟΣ Α"
19/12/2022,ΕΚΤΑΚΤΗ,"Εθνικής Αντιστάσεως 63","ΚΑΤΩ ΧΑΛΑΝΔΡΙ"
19/12/2022,ΕΚΤΑΚΤΗ,"Μάχης Κρήτης και Χελιδόνος","ΑΓ. ΠΕΤΡΟΣ"
19/12/2022,ΕΚΤΑΚΤΗ,"3ης Σεπτεμβρίου και Λεωφ.Κύπρου",ΑΡΓΥΡΟΥΠΟΛΗ
20/12/2022,ΕΚΤΑΚΤΗ,"Μεσολογγίου και Ρεας","ΑΓΙΟΣ ΔΗΜΗΤΡΙΟΣ"
20/12/2022,ΕΚΤΑΚΤΗ,"Παναγούλη & Αιγέως",ΗΛΙΟΥΠΟΛΗ
20/12/2022,ΕΚΤΑΚΤΗ,"Βορείου Ηπείρου και Κριμαιας",ΓΛΥΦΑΔΑ
20/12/2022,ΕΚΤΑΚΤΗ,"Τριπόλεως & Αγίου Σύλλα",ΒΑΡΗ
20/12/2022,ΕΚΤΑΚΤΗ,"Ευπόλιδος & Μύρωνος",ΗΛΙΟΥΠΟΛΗ
20/12/2022,ΕΚΤΑΚΤΗ,"Κωνστνατινουπόλεως & Σκουφά",ΑΧΑΡΝΕΣ
20/12/2022,ΕΚΤΑΚΤΗ,"Αγ. Ιωάννου Ρέντη & Αρτέμιδος","ΑΓ. Ι. ΡΕΝΤΗΣ"
20/12/2022,ΕΚΤΑΚΤΗ,"Φιλαδελφέως & Δ. Γούναρη",ΚΕΦΑΛΑΡΙ
20/12/2022,ΕΚΤΑΚΤΗ,"Εσπερίδων και Κουντουριώτου",ΓΑΛΑΤΣΙ
20/12/2022,ΕΚΤΑΚΤΗ,"Θεοτοκοπούλου και Δωριέων","ΑΓΙΑ ΠΑΡΑΣΚΕΥΗ"
20/12/2022,ΕΚΤΑΚΤΗ,"Αγίου Παντελεήμονος και Παπαφλέσσα",ΑΜΠΕΛΑΚΙΑ
21/12/2022,ΕΚΤΑΚΤΗ,"Άρεως & Αθηνάς",ΒΟΥΛΙΑΓΜΕΝΗ
21/12/2022,ΕΚΤΑΚΤΗ,"Κωνσταντινουπόλεως & Στρατή Δούκα",ΑΧΑΡΝΕΣ
21/12/2022,ΕΚΤΑΚΤΗ,"Νικολάου Ιωάννου και Παπαχριστοφόρου",ΑΘΗΝΑ
21/12/2022,ΕΚΤΑΚΤΗ,"Σάκη Καράγιωργα και Παραπαμίσου",ΖΩΓΡΑΦΟΣ
21/12/2022,ΕΚΤΑΚΤΗ,"Λεωφ. Συγγρού και Χαριουπόλεως","Ν. ΣΜΥΡΝΗ Π"
21/12/2022,ΠΡΟΓΡΑΜΜΑΤΙΣΜΕΝΗ,"Βασιλέως Κωνσταντίνου και Ρόδου",ΜΑΡΟΥΣΙ
21/12/2022,ΕΚΤΑΚΤΗ,"Φειδιππίδου και Μιχαλακοπούλου",ΑΘΗΝΑ
21/12/2022,ΕΚΤΑΚΤΗ,"Αργολίδος και Εριφύλης","ΑΓ. ΠΑΡΑΣΚΕΥΗ"
21/12/2022,ΕΚΤΑΚΤΗ,"Γρηγ. Λαμπράκη και Λεωφ. Ελευθ. Βενιζέλου",ΚΑΛΛΙΘΕΑ
21/12/2022,ΕΚΤΑΚΤΗ,"Kαλύμνου και Κεφαλληνίας","ΑΓ. ΠΑΝΤΕΛΕΗΜΟΝΑΣ"
21/12/2022,ΕΚΤΑΚΤΗ,"Λευκωσίας και Λευκάδος",ΚΕΦΑΛΑΡΙ
21/12/2022,ΕΚΤΑΚΤΗ,"Κατριβάνου και Φερών",ΑΘΗΝΑ
22/12/2022,ΕΚΤΑΚΤΗ,"Σκυλίτση Ομ. και Μεγάλου Αλεξάνδρου",ΚΑΣΤΕΛΛΑ
22/12/2022,ΕΚΤΑΚΤΗ,"Κωνσταντινουπόλεως και Πατριάρχου Γρηγορίου Ε΄",ΠΕΡΑΜΑ
22/12/2022,ΕΚΤΑΚΤΗ,"Αγ.Αλεξάνδρου και Πλειάδων","Π. ΦΑΛΗΡΟ"
22/12/2022,ΕΚΤΑΚΤΗ,"Αβέρωφ και Χαραυγής","ΛΟΦΟΣ ΑΞΙΩΜΑΤΙΚΩΝ"
22/12/2022,ΕΚΤΑΚΤΗ,"Αγ. Μελετίου και Δροσοπούλου",ΑΘΗΝΑ
22/12/2022,ΕΚΤΑΚΤΗ,"Ναπολέοντος Ζέρβα και Τρικάλων","ΑΓ. ΔΗΜΗΤΡΙΟΣ Α"
22/12/2022,ΕΚΤΑΚΤΗ,"Αιαντείου και Μαραθώνος, περιοχή Βροντού",ΣΑΛΑΜΙΝΑ
22/12/2022,ΕΚΤΑΚΤΗ,"Θεσσαλίας και Πριάμου",ΒΟΥΛΑ
22/12/2022,ΕΚΤΑΚΤΗ,"Θεμιστοκλή Σοφούλη και Οικονόμου εξ Οικονόμων","Ν. ΣΜΥΡΝΗ Π"
22/12/2022,ΕΚΤΑΚΤΗ,"Σταδίου & Σανταρόζα",ΑΘΗΝΑ
22/12/2022,ΕΚΤΑΚΤΗ,"Πριγκ. Πέτρου και Υψηλάντου",ΒΟΥΛΑ
22/12/2022,ΕΚΤΑΚΤΗ,"Τύρφης 11 και Ολύμπου",ΗΛΙΟΥΠΟΛΗ
22/12/2022,ΕΚΤΑΚΤΗ,"Κύπρου και Κυζίκου","Ν. ΠΕΡΑΜΟΣ"
22/12/2022,ΕΚΤΑΚΤΗ,"Πλατεία Καραϊσκάκη και Λευκωσίας",ΓΛΥΦΑΔΑ
22/12/2022,ΕΚΤΑΚΤΗ,"Σατωβριάνδου και Σωκράτους",ΑΘΗΝΑ
22/12/2022,ΕΚΤΑΚΤΗ,"Διγενή Ακρίτα & Αργυρουπόλεως",ΑΡΓΥΡΟΥΠΟΛΗ
23/12/2022,ΕΚΤΑΚΤΗ,"Βρουλών και Μίνωος",ΚΕΡΑΤΕΑ
23/12/2022,ΕΚΤΑΚΤΗ,"Αιγαίου Πελάγους & Έαρος","ΑΓ. ΠΑΡΑΣΚΕΥΗ"
23/12/2022,ΕΚΤΑΚΤΗ,"Ελ. Βενιζέλου & Αργοστολίου",ΔΡΑΠΕΤΣΩΝΑ
23/12/2022,ΕΚΤΑΚΤΗ,"Πηλίου και Αγίου Δημητρίου",ΚΟΡΩΠΙ
23/12/2022,ΕΚΤΑΚΤΗ,"Ανδρέα Παπανδρέου και Μιλτιάδου.",ΓΛΥΦΑΔΑ
23/12/2022,ΕΚΤΑΚΤΗ,"Λεωφ. Ελευθ. Βενιζέλου και Δελφών",ΚΑΛΛΙΘΕΑ
23/12/2022,ΕΚΤΑΚΤΗ,"Αγαμέμνονος και Αερόπης",ΑΘΗΝΑ
23/12/2022,ΕΚΤΑΚΤΗ,"Πλατεία Σταύρου και Θρασυβούλου",ΖΕΑ
23/12/2022,ΕΚΤΑΚΤΗ,"Κολοκοτρώνη και Μακεδονίας",ΗΡΑΚΛΕΙΟ
23/12/2022,ΕΚΤΑΚΤΗ,"Στρατηγού Μακρυγιάννη και Πακτουρίου","ΑΓ. ΔΗΜΗΤΡΙΟΣ Α"
23/12/2022,ΕΚΤΑΚΤΗ,"Μαράτου Ιασ. 3",ΖΩΓΡΑΦΟΣ
23/12/2022,ΕΚΤΑΚΤΗ,"Χαραυγής και Καβάλας",ΠΕΡΙΣΤΕΡΙ
23/12/2022,ΕΚΤΑΚΤΗ,"Λαϊου και Τριφυλλίας",ΑΘΗΝΑ
23/12/2022,ΕΚΤΑΚΤΗ,"Κινικίου 25 και Γανοχώρων",ΝΙΚΑΙΑ
24/12/2022,ΕΚΤΑΚΤΗ,"Γ. Χειμωνά και Ελάτης",ΠΑΤΗΜΑ
24/12/2022,ΕΚΤΑΚΤΗ,"Θαλή Μιλήσιου και Ραιδεστού","Ν. ΣΜΥΡΝΗ Α"
24/12/2022,ΕΚΤΑΚΤΗ,"Μεγ. Αλεξάνδρου και Γ. Παπανδρέου","Ν. ΠΕΡΑΜΟΣ"
24/12/2022,ΕΚΤΑΚΤΗ,"Λουκιανού και Παπαζαχαρίου","ΑΓ. ΔΗΜΗΤΡΙΟΣ Α"
24/12/2022,ΕΚΤΑΚΤΗ,"Αξανίας και Αμφιπόλεως",ΑΝΘΟΥΠΟΛΗ
24/12/2022,ΕΚΤΑΚΤΗ,"ΑΡΚΑΔΙΟΥ &  ΤΖΑΒΕΛΛΑ",ΧΑΛΑΝΔΡΙ
24/12/2022,ΕΚΤΑΚΤΗ,"ΚΥΝΙΣΚΑΣ &  ΣΤΡΑΤΗΓΟΥ ΙΩΑΝΝΟΥ",ΑΘΗΝΑ
24/12/2022,ΕΚΤΑΚΤΗ,"ΤΣΟΧΑ ΑΝ. & ΣΟΥΤΣΟΥ Δ.",ΑΘΗΝΑ
24/12/2022,ΕΚΤΑΚΤΗ,"ΔΡΑΜΑΣ & ΣΤΡΑΤΑΡΧΟΥ ΠΑΠΑΓΟΥ ΑΛ.","ΑΓ. ΔΗΜΗΤΡΙΟΣ Α"
24/12/2022,ΕΚΤΑΚΤΗ,"ΗΡΑΚΛΕΟΥΣ &  ΠΑΝΔΩΡΑΣ",ΒΟΥΛΙΑΓΜΕΝΗ
24/12/2022,ΕΚΤΑΚΤΗ,"Kουρτίου και Αγίων Αναργύρων",ΓΑΛΑΤΣΙ
24/12/2022,ΕΚΤΑΚΤΗ,"Πατρών και Δωδεκανήσου",ΗΛΙΟΥΠΟΛΗ
25/12/2022,ΕΚΤΑΚΤΗ,"Μαντώ Μαυρογένους και Κύμης",ΒΑΡΗ
25/12/2022,ΕΚΤΑΚΤΗ,"Ξυλούρη και Αγίας Γλυκερίας",ΓΑΛΑΤΣΙ
25/12/2022,ΕΚΤΑΚΤΗ,"Θεοφιλά και Ζαφειροπούλου","ΑΓ. ΕΛΕΥΘΕΡΙΟΣ"
25/12/2022,ΕΚΤΑΚΤΗ,"ΠΑΚΤΟΥΡΙΟΥ & ΣΤΡΑΤΗΓΟΥ ΜΑΚΡΥΓΙΑΝΝΗ","ΑΓ. ΔΗΜΗΤΡΙΟΣ Α"
25/12/2022,ΕΚΤΑΚΤΗ,"ΒΕΝΙΖΕΛΟΥ ΕΛΕΥΘ.  & ΜΕΛΑ ΠΑΥΛΟΥ",ΣΑΛΑΜΙΝΑ
25/12/2022,ΕΚΤΑΚΤΗ,"Κωστή Παλαμά και Μαιάνδρου","ΝΕΑ ΦΙΛΑΔΕΛΦΕΙΑ"
26/12/2022,ΕΚΤΑΚΤΗ,"ΑΜΟΡΓΟΥ & ΑΓ. ΕΛΕΥΘΕΡΙΟΥ",ΚΑΜΙΝΙΑ
26/12/2022,ΕΚΤΑΚΤΗ,"ΛΟΧΑΓΟΥ ΞΗΡΟΓΙΑΝΝΗ & ΑΝΑΚΡΕΟΝΤΟΣ",ΖΩΓΡΑΦΟΣ
26/12/2022,ΕΚΤΑΚΤΗ,"ΦΛΕΣΣΑ ΚΑΙ ΑΝΔΡΙΑΝΟΥ",ΑΘΗΝΑ
26/12/2022,ΕΚΤΑΚΤΗ,"ΚΙΛΚΙΣ & ΣΑΛΑΜΙΝΟΣ","ΚΑΤΩ ΧΑΛΑΝΔΡΙ"
26/12/2022,ΕΚΤΑΚΤΗ,"ΦΙΛΙΚΗΣ ΕΤΑΙΡΕΙΑΣ & ΓΙΑΝΝΙΤΣΩΝ","ΚΑΤΩ ΧΑΛΑΝΔΡΙ"
26/12/2022,ΕΚΤΑΚΤΗ,"ΟΜΗΡΟΥ ΣΚΥΛΙΤΣΗ ΚΑΙ ΜΠΙΖΑΝΙΟΥ",ΠΕΙΡΑΙΑΣ
26/12/2022,ΕΚΤΑΚΤΗ,"ΑΝΑΣΤΑΣΙΟΥ ΤΣΟΧΑ ΚΑΙ Δ. ΣΟΥΤΣΟΥ",ΑΘΗΝΑ
26/12/2022,ΕΚΤΑΚΤΗ,"ΑΓ. ΦΙΛΟΘΕΗΣ ΚΑΙ ΤΑΓΜΑΤΑΡΧΟΥ ΒΕΛΙΣΣΑΡΙΟΥ",ΦΙΛΟΘΕΗ
26/12/2022,ΕΚΤΑΚΤΗ,"ΑΙΣΩΠΟΥ &  ΜΑΔΥΤΟΥ",ΠΕΡΙΣΤΕΡΙ
26/12/2022,ΕΚΤΑΚΤΗ,"ΟΙΔΙΠΟΔΟΣ &  ΤΡΙΑΝΤΑΦΥΛΛΟΠΟΥΛΟΥ ΚΩΝ.",ΑΘΗΝΑ
26/12/2022,ΕΚΤΑΚΤΗ,"ΜΕΤΑΞΑ Ι. & ΚΑΜΑΤΕΡΟΥ ΛΕΩΦ.",ΚΑΜΑΤΕΡΟ
26/12/2022,ΕΚΤΑΚΤΗ,"Μεγάλου Αλεξάνδρου και 25ης Μαρτίου",ΜΑΡΟΥΣΙ
27/12/2022,ΕΚΤΑΚΤΗ,"Μακεδονίας και Άνδρου",ΜΟΣΧΑΤΟ
27/12/2022,ΕΚΤΑΚΤΗ,"Γκούρα και Κρίτωνος",ΝΙΚΑΙΑ
27/12/2022,ΕΚΤΑΚΤΗ,"Λέσβου και Σμύρνης",ΝΙΚΑΙΑ
27/12/2022,ΕΚΤΑΚΤΗ,"Αγίας Βαρβάρας 21 και Νέστορος",ΧΑΛΑΝΔΡΙ
27/12/2022,ΕΚΤΑΚΤΗ,"Γκιώνας και Φωτομάρα",ΗΛΙΟΥΠΟΛΗ
27/12/2022,ΕΚΤΑΚΤΗ,"Ραιδεστού και Θαλή Μιλησίου","Ν. ΣΜΥΡΝΗ Π"
27/12/2022,ΕΚΤΑΚΤΗ,"Δημητρακοπούλου Π. και Θεοτόκη Κων.",ΑΘΗΝΑ
27/12/2022,ΕΚΤΑΚΤΗ,"Αμοργού και Φραγκούλη",ΚΑΜΙΝΙΑ
27/12/2022,ΕΚΤΑΚΤΗ,"Μελίτας και Νίκου Καζαντζάκη",ΧΑΙΔΑΡΙ
27/12/2022,ΕΚΤΑΚΤΗ,"Αγίου Γεωργίου και Πανταζή",ΗΛΙΟΥΠΟΛΗ
27/12/2022,ΕΚΤΑΚΤΗ,"Λεωφ. Δημοκρατίας και Παπανίκα Γ.",ΑΧΑΡΝΕΣ
27/12/2022,ΕΚΤΑΚΤΗ,"Υψηλάντου και Τσαμαδού","ΚΕΝΤΡΟ ΠΕΙΡΑΙΑ"
27/12/2022,ΕΚΤΑΚΤΗ,"Γενναίου Κολοκοτρώνη και Πινότση",ΑΘΗΝΑ
28/12/2022,ΕΚΤΑΚΤΗ,"Σποράδων και Καρδίτσας",ΧΑΛΑΝΔΡΙ
28/12/2022,ΕΚΤΑΚΤΗ,"Αγαπήνου Τέλλου και Αβραντινού",ΑΘΗΝΑ
28/12/2022,ΕΚΤΑΚΤΗ,"Ηρώς Κωνστγαντοπούλου και Μητροπολίτου Κυπριανού",ΗΛΙΟΥΠΟΛΗ
28/12/2022,ΕΚΤΑΚΤΗ,"Παπαδιαμαντοπούλου και Ηριδανού",ΑΘΗΝΑ
28/12/2022,ΕΚΤΑΚΤΗ,"Κοραή και Υψηλάντου",ΗΡΑΚΛΕΙΟ
28/12/2022,ΕΚΤΑΚΤΗ,"Δημοκρατίας και Αγ. Νικολάου, περιοχή Στενό",ΣΑΛΑΜΙΝΑ
28/12/2022,ΕΚΤΑΚΤΗ,"Κιούση Σπ. και Ολυμπιάδων",ΑΧΑΡΝΕΣ
28/12/2022,ΕΚΤΑΚΤΗ,"Ηλίου και Αιόλου",ΠΕΥΚΗ
28/12/2022,ΕΚΤΑΚΤΗ,"Βορείου Ηπείρου και Καλλιπόλεως",ΑΘΗΝΑ
29/12/2022,ΕΚΤΑΚΤΗ,"Κύμης και Μαντώ Μαυρογένους",ΒΑΡΗ
29/12/2022,ΕΚΤΑΚΤΗ,"Λυδίας και Αργυροκάστρου",ΒΥΡΩΝΑ
29/12/2022,ΕΚΤΑΚΤΗ,"Μουργκάνας και Πρωτέως","ΑΓ. ΔΗΜΗΤΡΙΟΣ Α"
29/12/2022,ΕΚΤΑΚΤΗ,"Κων.Καραμανλή και Άρεως",ΗΛΙΟΥΠΟΛΗ
29/12/2022,ΕΚΤΑΚΤΗ,"Ρήγα Φεραίου και Λογοθέτη",ΚΕΡΑΤΣΙΝΙ
29/12/2022,ΕΚΤΑΚΤΗ,"Aργολίδος και Εριφύλης",ΑΧΑΡΝΕΣ
29/12/2022,ΕΚΤΑΚΤΗ,"Παλληναίων και Καλλισθένους",ΑΘΗΝΑ
29/12/2022,ΕΚΤΑΚΤΗ,"Μανιακίου και Ποταμού",ΑΔΑΜΕΣ
29/12/2022,ΕΚΤΑΚΤΗ,"Αλεξάνδρας και Κάδμου",ΚΑΜΑΤΕΡΟ
30/12/2022,ΕΚΤΑΚΤΗ,"Ανδριτσαίνης και Αξανίας",ΑΝΘΟΥΠΟΛΗ
30/12/2022,ΕΚΤΑΚΤΗ,"Πλάτωνος και Αγίου Βασιλείου","ΑΓΙΟΣ ΔΗΜΗΤΡΙΟΣ"
30/12/2022,ΠΡΟΓΡΑΜΜΑΤΙΣΜΕΝΗ,"Υπερείδου και Αριστοτέλους",ΗΛΙΟΥΠΟΛΗ
30/12/2022,ΕΚΤΑΚΤΗ,"Κοραή και Υψηλάντου(Όρια με Μεταμόρφωση)",ΗΡΑΚΛΕΙΟ
30/12/2022,ΕΚΤΑΚΤΗ,"Καβάλας και Αμαλιάδος",ΓΑΛΑΤΣΙ
30/12/2022,ΕΚΤΑΚΤΗ,"Δημοκρατίας και Ιτέας",ΜΕΓΑΡΑ
30/12/2022,ΕΚΤΑΚΤΗ,"Πιτσιλού και Παναγίας Μυροβλήτισσας",ΑΧΑΡΝΕΣ
30/12/2022,ΕΚΤΑΚΤΗ,"Κωνσταντάρα και Μαρίνη",ΑΧΑΡΝΕΣ
31/12/2022,ΕΚΤΑΚΤΗ,"Κανάκη και Καραϊσκάκη, περιοχή Βασιλικά",ΣΑΛΑΜΙΝΑ
31/12/2022,ΕΚΤΑΚΤΗ,"Κιθαιρώνος και Πάικου",ΗΛΙΟΥΠΟΛΗ
31/12/2022,ΕΚΤΑΚΤΗ,"Μακεδονίας και Αριστοτέλους",ΑΘΗΝΑ
31/12/2022,ΕΚΤΑΚΤΗ,"Έβρου και Καβάλας",ΓΑΛΑΤΣΙ
31/12/2022,ΕΚΤΑΚΤΗ,"Κοραή και Υψηλάντου ΟΡΙΑ ΜΕ ΔΗΜΟ ΜΕΤΑΜΟΡΦΩΣΗΣ",ΗΡΑΚΛΕΙΟ
31/12/2022,ΕΚΤΑΚΤΗ,"Καρδίτσης και Επτανήσου","ΚΑΤΩ ΧΑΛΑΝΔΡΙ"
31/12/2022,ΕΚΤΑΚΤΗ,"Μουσών και Μπλέσσα",ΨΥΧΙΚΟ
31/12/2022,ΕΚΤΑΚΤΗ,"Δραγατσανίου και Ροδόπης",ΚΕΡΑΤΣΙΝΙ
31/12/2022,ΕΚΤΑΚΤΗ,"Τεπελενίου και Ασλάνογλου",ΨΥΧΙΚΟ
31/12/2022,ΕΚΤΑΚΤΗ,"Λεωφόρο Δημοκρατίας και Ειρήνης",ΜΕΓΑΡΑ
31/12/2022,ΕΚΤΑΚΤΗ,"Καρπάθου και Λεωφόρο Χατζηκυριάκου",ΠΕΙΡΑΙΑΣ
31/12/2022,ΕΚΤΑΚΤΗ,"Θουκυδίδου και Προμηθέως",ΠΕΝΤΕΛΗ
